Chr	Start	End	Ref	Alt	Func.refGene	Gene.refGene	GeneDetail.refGene	ExonicFunc.refGene	AAChange.refGene	esp6500siv2_all	CLNALLELEID	CLNDN	CLNDISDB	CLNREVSTAT	CLNSIG	nci60	cosmic70	Kaviar_AF	Kaviar_AC	Kaviar_AN	ExAC_nontcga_ALL	ExAC_nontcga_AFR	ExAC_nontcga_AMR	ExAC_nontcga_EAS	ExAC_nontcga_FIN	ExAC_nontcga_NFE	ExAC_nontcga_OTH	ExAC_nontcga_SAS	avsnp150	SIFT_score	SIFT_pred	Polyphen2_HDIV_score	Polyphen2_HDIV_pred	Polyphen2_HVAR_score	Polyphen2_HVAR_pred	LRT_score	LRT_pred	MutationTaster_score	MutationTaster_pred	MutationAssessor_score	MutationAssessor_pred	FATHMM_score	FATHMM_pred	RadialSVM_score	RadialSVM_pred	LR_score	LR_pred	VEST3_score	CADD_raw	CADD_phred	GERP++_RS	phyloP46way_placental	phyloP100way_vertebrate	SiPhy_29way_logOdds	SIFT_score	SIFT_converted_rankscore	SIFT_pred	Polyphen2_HDIV_score	Polyphen2_HDIV_rankscore	Polyphen2_HDIV_pred	Polyphen2_HVAR_score	Polyphen2_HVAR_rankscore	Polyphen2_HVAR_pred	LRT_score	LRT_converted_rankscore	LRT_pred	MutationTaster_score	MutationTaster_converted_rankscore	MutationTaster_pred	MutationAssessor_score	MutationAssessor_score_rankscore	MutationAssessor_pred	FATHMM_score	FATHMM_converted_rankscore	FATHMM_pred	PROVEAN_score	PROVEAN_converted_rankscore	PROVEAN_pred	VEST3_score	VEST3_rankscore	MetaSVM_score	MetaSVM_rankscore	MetaSVM_pred	MetaLR_score	MetaLR_rankscore	MetaLR_pred	M-CAP_score	M-CAP_rankscore	M-CAP_pred	REVEL_score	REVEL_rankscore	MutPred_score	MutPred_rankscore	CADD_raw	CADD_raw_rankscore	CADD_phred	DANN_score	DANN_rankscore	fathmm-MKL_coding_score	fathmm-MKL_coding_rankscore	fathmm-MKL_coding_pred	Eigen_coding_or_noncoding	Eigen-raw	Eigen-PC-raw	GenoCanyon_score	GenoCanyon_score_rankscore	integrated_fitCons_score	integrated_fitCons_score_rankscore	integrated_confidence_value	GERP++_RS	GERP++_RS_rankscore	phyloP100way_vertebrate	phyloP100way_vertebrate_rankscore	phyloP20way_mammalian	phyloP20way_mammalian_rankscore	phastCons100way_vertebrate	phastCons100way_vertebrate_rankscore	phastCons20way_mammalian	phastCons20way_mammalian_rankscore	SiPhy_29way_logOdds	SiPhy_29way_logOdds_rankscore	Interpro_domain	GTEx_V6p_gene	GTEx_V6p_tissue	Otherinfo	V127	V128	V129	V130	V131	V132	V133	V134	V135	V136	V137	V138	V139	Sample_Name	SNmut_Type	mut_Type	isNonSynonymous
1	88684468	88684471	TTTT	-	ncRNA_intronic	PKN2-AS1	.	.	.	.	.	.	.	.	.	.	.	.	.	.	.	.	.	.	.	.	.	.	.	.	.	.	.	.	.	.	.	.	.	.	.	.	.	.	.	.	.	.	.	.	.	.	.	.	.	.	.	.	.	.	.	.	.	.	.	.	.	.	.	.	.	.	.	.	.	.	.	.	.	.	.	.	.	.	.	.	.	.	.	.	.	.	.	.	.	.	.	.	.	.	.	.	.	.	.	.	.	.	.	.	.	.	.	.	.	.	.	.	.	.	.	.	.	.	0.25	.	21	1	88684467	.	GTTTT	G,GTTT	.	germline;multiallelic;normal_artifact;panel_of_normals	CONTQ=93;DP=58;ECNT=1;GERMQ=1;MBQ=20,20,20;MFRL=133,89,162;MMQ=60,60,60;MPOS=34,25;NALOD=0.810,-2.967e+00;NLOD=4.79,-1.746e+00;PON;POPAF=4.01,5.60;ROQ=93;RPA=13,9,12;RU=T;SEQQ=75;STR;STRANDQ=93;STRQ=93;TLOD=3.86,13.73	GT:AD:AF:DP:F1R2:F2R1:SB	0/0:23,0,5:0.052,0.211:28:15,0,3:7,0,2:12,11,3,2	0/1/2:4,2,15:0.140,0.655:21:1,0,14:2,2,1:2,2,9,8	RICKI-002T_S4_L001_sorted_rg_sorted_markdup_recal_RICKI-002N_S3_L001_sorted_rg_sorted_markdup_recal_filtered	INDEL	INDEL	FALSE
1	88684471	88684471	T	-	ncRNA_intronic	PKN2-AS1	.	.	.	.	.	.	.	.	.	.	.	.	.	.	.	.	.	.	.	.	.	.	.	.	.	.	.	.	.	.	.	.	.	.	.	.	.	.	.	.	.	.	.	.	.	.	.	.	.	.	.	.	.	.	.	.	.	.	.	.	.	.	.	.	.	.	.	.	.	.	.	.	.	.	.	.	.	.	.	.	.	.	.	.	.	.	.	.	.	.	.	.	.	.	.	.	.	.	.	.	.	.	.	.	.	.	.	.	.	.	.	.	.	.	.	.	.	.	0.25	.	21	1	88684467	.	GTTTT	G,GTTT	.	germline;multiallelic;normal_artifact;panel_of_normals	CONTQ=93;DP=58;ECNT=1;GERMQ=1;MBQ=20,20,20;MFRL=133,89,162;MMQ=60,60,60;MPOS=34,25;NALOD=0.810,-2.967e+00;NLOD=4.79,-1.746e+00;PON;POPAF=4.01,5.60;ROQ=93;RPA=13,9,12;RU=T;SEQQ=75;STR;STRANDQ=93;STRQ=93;TLOD=3.86,13.73	GT:AD:AF:DP:F1R2:F2R1:SB	0/0:23,0,5:0.052,0.211:28:15,0,3:7,0,2:12,11,3,2	0/1/2:4,2,15:0.140,0.655:21:1,0,14:2,2,1:2,2,9,8	RICKI-002T_S4_L001_sorted_rg_sorted_markdup_recal_RICKI-002N_S3_L001_sorted_rg_sorted_markdup_recal_filtered	INDEL	INDEL	FALSE
10	102918608	102918608	C	T	exonic	CNNM2	.	nonsynonymous SNV	CNNM2:NM_017649:exon1:c.C128T:p.A43V,CNNM2:NM_199076:exon1:c.C128T:p.A43V,CNNM2:NM_199077:exon1:c.C128T:p.A43V	.	.	.	.	.	.	.	.	.	.	.	.	.	.	.	.	.	.	.	.	0.13	T	0.001	B	0.002	B	0.823	N	0.976	N	0	N	-0.66	T	-0.925	T	0.183	T	0.255	0.626	7.365	2.75	1.223	1.284	8.115	0.446	0.112	T	0.001	0.067	B	0.001	0.063	B	0.823	0.092	N	0.976	0.254	N	0	0.065	N	-0.67	0.748	T	-0.59	0.210	N	0.253	0.311	-0.925	0.449	T	0.183	0.532	T	0.961	0.997	D	0.106	0.306	0.391	0.415	1.217	0.212	11.84	0.945	0.243	0.009	0.035	N	c	-0.408	-0.231	1.000	0.747	0.267	0.040	1	2.75	0.313	0.676	0.247	0.842	0.343	0.092	0.224	0.837	0.349	8.115	0.299	.	.	.	0.25	.	4	10	102918608	.	C	T	.	orientation;weak_evidence	CONTQ=93;DP=24;ECNT=2;GERMQ=18;MBQ=20,20;MFRL=101,169;MMQ=60,60;MPOS=13;NALOD=1.000;NLOD=2.71;POPAF=5.60;ROQ=1;SEQQ=1;STRANDQ=59;TLOD=4.11	GT:AD:AF:DP:F1R2:F2R1:SB	0/0:18,0:0.091:18:6,0:12,0:9,9,0,0	0/1:2,2:0.500:4:0,0:2,2:1,1,1,1	RICKI-002T_S4_L001_sorted_rg_sorted_markdup_recal_RICKI-002N_S3_L001_sorted_rg_sorted_markdup_recal_filtered	C>T	SNV	TRUE
10	102918646	102918656	TGCTGCTGCGG	-	exonic	CNNM2	.	frameshift deletion	CNNM2:NM_017649:exon1:c.166_176del:p.C56fs,CNNM2:NM_199076:exon1:c.166_176del:p.C56fs,CNNM2:NM_199077:exon1:c.166_176del:p.C56fs	.	.	.	.	.	.	.	.	.	.	.	.	.	.	.	.	.	.	.	.	.	.	.	.	.	.	.	.	.	.	.	.	.	.	.	.	.	.	.	.	.	.	.	.	.	.	.	.	.	.	.	.	.	.	.	.	.	.	.	.	.	.	.	.	.	.	.	.	.	.	.	.	.	.	.	.	.	.	.	.	.	.	.	.	.	.	.	.	.	.	.	.	.	.	.	.	.	.	.	.	.	.	.	.	.	.	.	.	.	.	.	.	.	.	.	0.25	.	16	10	102918645	.	CTGCTGCTGCGG	C	.	PASS	CONTQ=93;DP=32;ECNT=2;GERMQ=27;MBQ=20,20;MFRL=141,98;MMQ=60,60;MPOS=35;NALOD=0.954;NLOD=2.41;POPAF=5.60;ROQ=93;SEQQ=7;STRANDQ=93;TLOD=7.14	GT:AD:AF:DP:F1R2:F2R1:SB	0/0:15,0:0.100:15:9,0:6,0:8,7,0,0	0/1:14,2:0.200:16:2,2:8,0:7,7,1,1	RICKI-002T_S4_L001_sorted_rg_sorted_markdup_recal_RICKI-002N_S3_L001_sorted_rg_sorted_markdup_recal_filtered	INDEL	INDEL	TRUE
11	865526	865526	C	T	exonic	TSPAN4	.	nonsynonymous SNV	TSPAN4:NM_001025238:exon5:c.C344T:p.A115V,TSPAN4:NM_001025239:exon5:c.C152T:p.A51V,TSPAN4:NM_001025234:exon6:c.C344T:p.A115V,TSPAN4:NM_001025235:exon6:c.C344T:p.A115V,TSPAN4:NM_001025236:exon6:c.C344T:p.A115V,TSPAN4:NM_001025237:exon6:c.C344T:p.A115V,TSPAN4:NM_003271:exon6:c.C344T:p.A115V	.	.	.	.	.	.	.	.	.	.	.	.	.	.	.	.	.	.	.	.	0.53	T	0.995	D	0.913	D	0.000	D	1.000	D	1.12	L	-2.0	D	-0.107	T	0.566	D	0.698	4.052	20.8	3.28	1.860	5.783	12.878	0.509	0.465	T	0.995	0.657	D	0.913	0.631	D	0.000	0.559	D	1.000	0.810	D	0.805	0.203	L	-2.0	0.854	D	-0.21	0.210	N	0.327	0.702	-0.107	0.799	T	0.566	0.842	D	0.220	0.878	D	0.636	0.863	0.625	0.761	5.361	0.726	25.9	0.999	0.955	0.829	0.418	D	c	0.332	0.303	1.000	0.747	0.742	0.980	0	3.28	0.365	5.809	0.686	0.736	0.307	1.000	0.715	0.947	0.422	12.878	0.572	Tetraspanin, EC2 domain	.	.	0.25	.	7	11	865526	.	C	T	.	orientation;weak_evidence	CONTQ=93;DP=18;ECNT=1;GERMQ=20;MBQ=20,20;MFRL=125,151;MMQ=60,60;MPOS=17;NALOD=0.954;NLOD=2.41;POPAF=5.60;ROQ=1;SEQQ=1;STRANDQ=52;TLOD=3.60	GT:AD:AF:DP:F1R2:F2R1:SB	0/0:11,0:0.100:11:8,0:3,0:3,8,0,0	0/1:5,2:0.333:7:0,0:5,2:2,3,1,1	RICKI-002T_S4_L001_sorted_rg_sorted_markdup_recal_RICKI-002N_S3_L001_sorted_rg_sorted_markdup_recal_filtered	C>T	SNV	TRUE
11	66858844	66858844	G	A	exonic	LRFN4	.	nonsynonymous SNV	LRFN4:NM_024036:exon1:c.G1100A:p.R367Q,LRFN4:NM_001363524:exon2:c.G1100A:p.R367Q	.	.	.	.	.	.	.	.	.	.	.	.	.	.	.	.	.	.	.	.	0.41	T	0.466	P	0.053	B	0.000	D	1.000	D	-0.535	N	-0.12	T	-0.943	T	0.071	T	0.303	1.151	9.689	4.01	2.071	0.874	9.684	0.568	0.104	T	0.466	0.346	P	0.053	0.243	B	0.000	0.445	D	1	0.810	D	0.8	0.197	N	-0.12	0.646	T	0.24	0.047	N	0.273	0.363	-0.943	0.422	T	0.071	0.290	T	0.238	0.886	D	0.098	0.287	0.311	0.285	2.364	0.345	18.58	0.977	0.352	0.182	0.199	N	c	-0.507	-0.383	1.000	0.747	0.635	0.413	0	4.01	0.457	0.767	0.261	0.970	0.593	0.000	0.063	0.964	0.448	9.684	0.391	Immunoglobulin I-set|Immunoglobulin subtype|Immunoglobulin-like domain|Immunoglobulin-like fold	.	.	0.25	.	49	11	66858844	.	G	A	.	haplotype;orientation	CONTQ=93;DP=97;ECNT=2;GERMQ=93;MBQ=20,20;MFRL=114,132;MMQ=60,60;MPOS=59;NALOD=1.41;NLOD=7.53;POPAF=5.60;ROQ=1;SEQQ=16;STRANDQ=33;TLOD=6.15	GT:AD:AF:DP:F1R2:F2R1:PGT:PID:PS:SB	0|0:48,0:0.037:48:30,0:18,0:0|1:66858844_G_A:66858844:23,25,0,0	0|1:47,2:0.071:49:29,2:18,0:0|1:66858844_G_A:66858844:23,24,1,1	RICKI-002T_S4_L001_sorted_rg_sorted_markdup_recal_RICKI-002N_S3_L001_sorted_rg_sorted_markdup_recal_filtered	C>T	SNV	TRUE
11	66858864	66858864	G	A	exonic	LRFN4	.	nonsynonymous SNV	LRFN4:NM_024036:exon1:c.G1120A:p.G374S,LRFN4:NM_001363524:exon2:c.G1120A:p.G374S	.	.	.	.	.	.	.	.	.	.	.	.	.	.	.	.	.	.	.	.	0.65	T	0.06	B	0.103	B	0.000	D	1.000	D	0	N	0.77	T	-0.990	T	0.072	T	0.332	1.433	10.73	4.01	2.071	0.194	8.994	0.399	0.105	T	0.06	0.217	B	0.076	0.294	B	0.000	0.497	D	1	0.810	D	0	0.065	N	0.37	0.577	T	1.34	0.013	N	0.306	0.393	-0.990	0.326	T	0.072	0.294	T	0.090	0.756	D	0.091	0.269	0.201	0.116	0.848	0.175	9.759	0.988	0.455	0.114	0.164	N	c	-0.663	-0.535	1.000	0.747	0.635	0.413	0	4.01	0.457	1.197	0.316	0.970	0.593	0.768	0.291	0.900	0.381	8.994	0.350	Immunoglobulin-like fold	.	.	0.25	.	38	11	66858864	.	G	A	.	haplotype;orientation	CONTQ=93;DP=80;ECNT=2;GERMQ=93;MBQ=20,20;MFRL=116,132;MMQ=60,60;MPOS=39;NALOD=1.40;NLOD=7.22;POPAF=5.60;ROQ=1;SEQQ=19;STRANDQ=35;TLOD=6.38	GT:AD:AF:DP:F1R2:F2R1:PGT:PID:PS:SB	0|0:42,0:0.038:42:27,0:13,0:0|1:66858844_G_A:66858844:18,24,0,0	0|1:36,2:0.091:38:21,2:15,0:0|1:66858844_G_A:66858844:18,18,1,1	RICKI-002T_S4_L001_sorted_rg_sorted_markdup_recal_RICKI-002N_S3_L001_sorted_rg_sorted_markdup_recal_filtered	C>T	SNV	TRUE
11	130209578	130209578	G	A	exonic	ST14	.	synonymous SNV	ST14:NM_021978:exon18:c.G2406A:p.Q802Q	.	.	.	.	.	.	.	.	.	.	.	.	.	.	.	.	.	.	.	.	.	.	.	.	.	.	.	.	.	.	.	.	.	.	.	.	.	.	.	.	.	.	.	.	.	.	.	.	.	.	.	.	.	.	.	.	.	.	.	.	.	.	.	.	.	.	.	.	.	.	.	.	.	.	.	.	.	.	.	.	.	.	.	.	.	.	.	.	.	.	.	.	.	.	.	.	.	.	.	.	.	.	.	.	.	.	.	.	.	.	.	.	.	.	.	0.25	.	29	11	130209578	.	G	A	.	orientation	CONTQ=93;DP=51;ECNT=2;GERMQ=86;MBQ=20,20;MFRL=131,65;MMQ=60,60;MPOS=28;NALOD=1.08;NLOD=3.31;POPAF=5.60;ROQ=1;SEQQ=20;STRANDQ=37;TLOD=6.61	GT:AD:AF:DP:F1R2:F2R1:SB	0/0:20,0:0.077:20:12,0:8,0:9,11,0,0	0/1:27,2:0.117:29:8,2:19,0:14,13,1,1	RICKI-002T_S4_L001_sorted_rg_sorted_markdup_recal_RICKI-002N_S3_L001_sorted_rg_sorted_markdup_recal_filtered	C>T	SNV	FALSE
11	130209593	130209593	-	GGTGCG	intronic	ST14	.	.	.	.	.	.	.	.	.	.	.	.	.	.	.	.	.	.	.	.	.	.	.	.	.	.	.	.	.	.	.	.	.	.	.	.	.	.	.	.	.	.	.	.	.	.	.	.	.	.	.	.	.	.	.	.	.	.	.	.	.	.	.	.	.	.	.	.	.	.	.	.	.	.	.	.	.	.	.	.	.	.	.	.	.	.	.	.	.	.	.	.	.	.	.	.	.	.	.	.	.	.	.	.	.	.	.	.	.	.	.	.	.	.	.	.	.	.	0.25	.	21	11	130209593	.	A	AGGTGCG	.	PASS	CONTQ=93;DP=36;ECNT=2;GERMQ=59;MBQ=20,20;MFRL=134,65;MMQ=60,60;MPOS=13;NALOD=1.000;NLOD=2.71;POPAF=5.60;ROQ=93;SEQQ=22;STRANDQ=93;TLOD=6.88	GT:AD:AF:DP:F1R2:F2R1:SB	0/0:15,0:0.091:15:10,0:5,0:6,9,0,0	0/1:19,2:0.154:21:6,2:11,0:10,9,1,1	RICKI-002T_S4_L001_sorted_rg_sorted_markdup_recal_RICKI-002N_S3_L001_sorted_rg_sorted_markdup_recal_filtered	INDEL	INDEL	FALSE
12	49643301	49643301	T	C	exonic	PRPF40B	.	nonsynonymous SNV	PRPF40B:NM_001363607:exon22:c.T2221C:p.S741P,PRPF40B:NM_012272:exon22:c.T2182C:p.S728P,PRPF40B:NM_001031698:exon23:c.T2284C:p.S762P	.	.	.	.	.	.	.	.	.	.	.	.	.	.	.	.	.	.	.	.	0.26	T	0.997	D	0.986	D	0.000	D	1.000	D	2.65	M	1.75	T	-0.843	T	0.174	T	0.6	4.623	25.3	5.28	2.139	5.909	14.482	0.142	0.255	T	0.995	0.689	D	0.969	0.754	D	0.000	0.629	D	1	0.810	D	1.585	0.400	L	1.74	0.263	T	-2.47	0.539	N	0.538	0.625	-0.843	0.525	T	0.174	0.518	T	0.022	0.449	T	0.197	0.484	0.343	0.337	6.009	0.826	27.9	0.999	0.952	0.886	0.483	D	c	0.703	0.664	1.000	0.747	0.672	0.522	0	5.28	0.740	6.090	0.708	1.061	0.807	1.000	0.715	0.998	0.697	14.482	0.670	.	.	.	0.25	.	52	12	49643301	.	T	C	.	haplotype;orientation	CONTQ=93;DP=79;ECNT=2;GERMQ=93;MBQ=20,20;MFRL=119,66;MMQ=60,60;MPOS=12;NALOD=1.18;NLOD=4.21;POPAF=5.60;ROQ=1;SEQQ=16;STRANDQ=32;TLOD=6.15	GT:AD:AF:DP:F1R2:F2R1:PGT:PID:PS:SB	0|0:27,0:0.063:27:8,0:19,0:0|1:49643301_T_C:49643301:14,13,0,0	0|1:50,2:0.071:52:24,2:24,0:0|1:49643301_T_C:49643301:25,25,1,1	RICKI-002T_S4_L001_sorted_rg_sorted_markdup_recal_RICKI-002N_S3_L001_sorted_rg_sorted_markdup_recal_filtered	T>C	SNV	TRUE
12	49643303	49643303	A	T	exonic	PRPF40B	.	synonymous SNV	PRPF40B:NM_001363607:exon22:c.A2223T:p.S741S,PRPF40B:NM_012272:exon22:c.A2184T:p.S728S,PRPF40B:NM_001031698:exon23:c.A2286T:p.S762S	.	.	.	.	.	.	.	.	.	.	.	.	.	.	.	.	.	.	.	.	.	.	.	.	.	.	.	.	.	.	.	.	.	.	.	.	.	.	.	.	.	.	.	.	.	.	.	.	.	.	.	.	.	.	.	.	.	.	.	.	.	.	.	.	.	.	.	.	.	.	.	.	.	.	.	.	.	.	.	.	.	.	.	.	.	.	.	.	.	.	.	.	.	.	.	.	.	.	.	.	.	.	.	.	.	.	.	.	.	.	.	.	.	.	.	0.25	.	52	12	49643303	.	A	T	.	haplotype;orientation	CONTQ=93;DP=79;ECNT=2;GERMQ=93;MBQ=20,20;MFRL=119,66;MMQ=60,60;MPOS=10;NALOD=1.18;NLOD=4.21;POPAF=5.60;ROQ=1;SEQQ=16;STRANDQ=32;TLOD=6.15	GT:AD:AF:DP:F1R2:F2R1:PGT:PID:PS:SB	0|0:27,0:0.063:27:8,0:19,0:0|1:49643301_T_C:49643301:14,13,0,0	0|1:50,2:0.071:52:26,2:22,0:0|1:49643301_T_C:49643301:25,25,1,1	RICKI-002T_S4_L001_sorted_rg_sorted_markdup_recal_RICKI-002N_S3_L001_sorted_rg_sorted_markdup_recal_filtered	T>A	SNV	FALSE
14	64742008	64742018	GGGCCAGGCCA	-	exonic	PLEKHG3	.	frameshift deletion	PLEKHG3:NM_001308147:exon16:c.2491_2501del:p.G831fs	.	.	.	.	.	.	.	.	3.84e-05	1	26028	.	.	.	.	.	.	.	.	rs755994983	.	.	.	.	.	.	.	.	.	.	.	.	.	.	.	.	.	.	.	.	.	.	.	.	.	.	.	.	.	.	.	.	.	.	.	.	.	.	.	.	.	.	.	.	.	.	.	.	.	.	.	.	.	.	.	.	.	.	.	.	.	.	.	.	.	.	.	.	.	.	.	.	.	.	.	.	.	.	.	.	.	.	.	.	.	.	.	.	.	.	.	.	.	.	.	0.25	.	20	14	64742007	.	GGGGCCAGGCCA	G	.	slippage;weak_evidence	CONTQ=93;DP=63;ECNT=1;GERMQ=80;MBQ=20,20;MFRL=119,117;MMQ=60,60;MPOS=41;NALOD=1.37;NLOD=6.60;POPAF=5.60;ROQ=93;RPA=2,1;RU=GGGCCAGGCCA;SEQQ=6;STR;STRANDQ=93;STRQ=1;TLOD=6.87	GT:AD:AF:DP:F1R2:F2R1:SB	0/0:39,0:0.041:39:22,0:16,0:21,18,0,0	0/1:18,2:0.153:20:6,0:12,2:8,10,1,1	RICKI-002T_S4_L001_sorted_rg_sorted_markdup_recal_RICKI-002N_S3_L001_sorted_rg_sorted_markdup_recal_filtered	INDEL	INDEL	TRUE
14	102949954	102949954	G	A	intronic	CDC42BPB	.	.	.	.	.	.	.	.	.	.	.	.	.	.	.	.	.	.	.	.	.	.	.	.	.	.	.	.	.	.	.	.	.	.	.	.	.	.	.	.	.	.	.	.	.	.	.	.	.	.	.	.	.	.	.	.	.	.	.	.	.	.	.	.	.	.	.	.	.	.	.	.	.	.	.	.	.	.	.	.	.	.	.	.	.	.	.	.	.	.	.	.	.	.	.	.	.	.	.	.	.	.	.	.	.	.	.	.	.	.	.	.	.	.	.	.	.	.	0.25	.	40	14	102949954	.	G	A	.	PASS	CONTQ=93;DP=64;ECNT=1;GERMQ=79;MBQ=20,20;MFRL=141,117;MMQ=60,60;MPOS=9;NALOD=1.15;NLOD=3.91;POPAF=5.60;ROQ=14;SEQQ=52;STRANDQ=73;TLOD=10.36	GT:AD:AF:DP:F1R2:F2R1:SB	0/0:21,0:0.067:21:8,0:13,0:10,11,0,0	0/1:34,6:0.173:40:19,2:15,4:18,16,3,3	RICKI-002T_S4_L001_sorted_rg_sorted_markdup_recal_RICKI-002N_S3_L001_sorted_rg_sorted_markdup_recal_filtered	C>T	SNV	FALSE
14	102975872	102975872	G	A	intronic	CDC42BPB	.	.	.	0.0284	.	.	.	.	.	0.041	.	0.0356011	5504	154602	0.0343	0.0080	0.1107	0.0026	0.0153	0.0329	0.0259	0.0245	rs35953480	.	.	.	.	.	.	.	.	.	.	.	.	.	.	.	.	.	.	.	.	.	.	.	.	.	.	.	.	.	.	.	.	.	.	.	.	.	.	.	.	.	.	.	.	.	.	.	.	.	.	.	.	.	.	.	.	.	.	.	.	.	.	.	.	.	.	.	.	.	.	.	.	.	.	.	.	.	.	.	.	.	.	.	.	.	.	.	.	.	.	.	.	.	.	.	0.25	.	57	14	102975872	.	G	A	.	orientation;panel_of_normals;weak_evidence	CONTQ=93;DP=98;ECNT=1;GERMQ=93;MBQ=20,20;MFRL=127,155;MMQ=60,60;MPOS=43;NALOD=1.32;NLOD=6.02;PON;POPAF=1.55;ROQ=1;SEQQ=1;STRANDQ=35;TLOD=3.90	GT:AD:AF:DP:F1R2:F2R1:SB	0/0:38,0:0.045:38:11,0:27,0:19,19,0,0	0/1:54,3:0.087:57:22,3:32,0:27,27,1,2	RICKI-002T_S4_L001_sorted_rg_sorted_markdup_recal_RICKI-002N_S3_L001_sorted_rg_sorted_markdup_recal_filtered	C>T	SNV	FALSE
15	27871789	27871789	T	-	intronic	OCA2	.	.	.	.	.	.	.	.	.	.	.	0.0001921	5	26028	.	.	.	.	.	.	.	.	.	.	.	.	.	.	.	.	.	.	.	.	.	.	.	.	.	.	.	.	.	.	.	.	.	.	.	.	.	.	.	.	.	.	.	.	.	.	.	.	.	.	.	.	.	.	.	.	.	.	.	.	.	.	.	.	.	.	.	.	.	.	.	.	.	.	.	.	.	.	.	.	.	.	.	.	.	.	.	.	.	.	.	.	.	.	.	.	.	.	.	.	.	.	.	.	0.25	.	62	15	27871788	.	CT	C	.	slippage;weak_evidence	CONTQ=93;DP=90;ECNT=1;GERMQ=41;MBQ=20,20;MFRL=123,124;MMQ=60,60;MPOS=26;NALOD=0.913;NLOD=4.15;POPAF=1.80;ROQ=93;RPA=11,10;RU=T;SEQQ=4;STR;STRANDQ=93;STRQ=1;TLOD=6.28	GT:AD:AF:DP:F1R2:F2R1:SB	0/0:25,0:0.061:25:12,0:10,0:12,13,0,0	0/1:50,12:0.214:62:22,9:28,3:24,26,7,5	RICKI-002T_S4_L001_sorted_rg_sorted_markdup_recal_RICKI-002N_S3_L001_sorted_rg_sorted_markdup_recal_filtered	INDEL	INDEL	FALSE
15	65394447	65394447	C	T	exonic	IGDCC4	.	nonsynonymous SNV	IGDCC4:NM_020962:exon9:c.G1678A:p.V560M	.	.	.	.	.	.	.	.	.	.	.	.	.	.	.	.	.	.	.	.	0.08	T	0.845	P	0.44	B	0.089	N	0.995	N	1.295	L	0.34	T	-1.010	T	0.116	T	0.249	3.592	18.29	2.32	0.580	1.646	4.251	0.028	0.461	D	0.845	0.447	P	0.44	0.439	B	0.089	0.204	N	0.995	0.233	N	1.845	0.488	L	0.34	0.582	T	-0.98	0.260	N	0.249	0.304	-1.010	0.270	T	0.116	0.411	T	0.018	0.397	T	0.062	0.184	0.45	0.512	3.070	0.429	22.4	0.999	0.936	0.481	0.279	N	c	0.123	0.144	1.000	0.454	0.516	0.203	0	2.32	0.278	1.662	0.368	-0.449	0.056	0.999	0.424	0.995	0.604	4.251	0.101	Fibronectin type III|Immunoglobulin-like fold	.	.	0.25	.	12	15	65394447	.	C	T	.	orientation;weak_evidence	CONTQ=93;DP=52;ECNT=1;GERMQ=66;MBQ=20,20;MFRL=120,94;MMQ=60,60;MPOS=34;NALOD=1.31;NLOD=5.72;POPAF=5.60;ROQ=1;SEQQ=1;STRANDQ=46;TLOD=3.30	GT:AD:AF:DP:F1R2:F2R1:SB	0/0:38,0:0.047:38:20,0:18,0:19,19,0,0	0/1:10,2:0.250:12:6,0:4,2:5,5,1,1	RICKI-002T_S4_L001_sorted_rg_sorted_markdup_recal_RICKI-002N_S3_L001_sorted_rg_sorted_markdup_recal_filtered	C>T	SNV	TRUE
15	65402303	65402303	G	C	intronic	IGDCC4	.	.	.	.	.	.	.	.	.	.	.	.	.	.	.	.	.	.	.	.	.	.	.	.	.	.	.	.	.	.	.	.	.	.	.	.	.	.	.	.	.	.	.	.	.	.	.	.	.	.	.	.	.	.	.	.	.	.	.	.	.	.	.	.	.	.	.	.	.	.	.	.	.	.	.	.	.	.	.	.	.	.	.	.	.	.	.	.	.	.	.	.	.	.	.	.	.	.	.	.	.	.	.	.	.	.	.	.	.	.	.	.	.	.	.	.	.	.	0.25	.	9	15	65402303	.	G	C	.	orientation;weak_evidence	CONTQ=93;DP=25;ECNT=1;GERMQ=28;MBQ=20,20;MFRL=129,134;MMQ=60,60;MPOS=37;NALOD=1.000;NLOD=2.71;POPAF=5.60;ROQ=1;SEQQ=1;STRANDQ=49;TLOD=3.40	GT:AD:AF:DP:F1R2:F2R1:SB	0/0:16,0:0.091:16:12,0:4,0:8,8,0,0	0/1:7,2:0.286:9:4,0:3,2:3,4,1,1	RICKI-002T_S4_L001_sorted_rg_sorted_markdup_recal_RICKI-002N_S3_L001_sorted_rg_sorted_markdup_recal_filtered	C>G	SNV	FALSE
16	29813695	29813697	CCC	-	exonic	PRRT2	.	nonframeshift deletion	PRRT2:NM_001256442:exon2:c.641_643del:p.214_215del,PRRT2:NM_001256443:exon2:c.641_643del:p.214_215del,PRRT2:NM_145239:exon2:c.641_643del:p.214_215del	.	.	.	.	.	.	.	.	.	.	.	.	.	.	.	.	.	.	.	.	.	.	.	.	.	.	.	.	.	.	.	.	.	.	.	.	.	.	.	.	.	.	.	.	.	.	.	.	.	.	.	.	.	.	.	.	.	.	.	.	.	.	.	.	.	.	.	.	.	.	.	.	.	.	.	.	.	.	.	.	.	.	.	.	.	.	.	.	.	.	.	.	.	.	.	.	.	.	.	.	.	.	.	.	.	.	.	.	.	.	.	.	.	.	.	0.25	.	22	16	29813694	.	GCCC	G	.	clustered_events;germline;panel_of_normals;weak_evidence	CONTQ=93;DP=46;ECNT=3;GERMQ=6;MBQ=20,20;MFRL=132,119;MMQ=60,60;MPOS=42;NALOD=0.888;NLOD=3.93;PON;POPAF=2.95;ROQ=93;RPA=9,6;RU=C;SEQQ=1;STR;STRANDQ=57;STRQ=93;TLOD=3.04	GT:AD:AF:DP:F1R2:F2R1:SB	0/0:22,0:0.065:22:11,0:11,0:13,9,0,0	0/1:20,2:0.154:22:12,2:8,0:10,10,1,1	RICKI-002T_S4_L001_sorted_rg_sorted_markdup_recal_RICKI-002N_S3_L001_sorted_rg_sorted_markdup_recal_filtered	INDEL	INDEL	TRUE
16	29813698	29813698	C	T	exonic	PRRT2	.	nonsynonymous SNV	PRRT2:NM_001256442:exon2:c.C644T:p.P215L,PRRT2:NM_001256443:exon2:c.C644T:p.P215L,PRRT2:NM_145239:exon2:c.C644T:p.P215L	.	.	.	.	.	.	.	.	.	.	.	.	.	.	.	.	.	.	.	.	0.01	D	0.703	P	0.203	B	0.025	N	0.997	D	0.695	N	0.33	T	-0.842	T	0.165	T	0.287	3.077	16.27	2.94	0.996	4.120	7.393	0.006	0.912	D	0.356	0.400	B	0.166	0.353	B	0.025	0.262	N	0.997	0.437	D	0.895	0.225	L	-0.69	0.744	T	0.44	0.042	N	0.287	0.346	-0.842	0.525	T	0.165	0.504	T	0.031	0.533	D	0.084	0.250	0.21	0.128	5.446	0.739	26.1	0.998	0.925	0.949	0.626	D	c	-0.052	0.022	1.000	0.517	0.658	0.486	0	2.94	0.330	0.721	0.254	0.935	0.490	0.000	0.063	0.996	0.625	7.393	0.259	.	.	.	0.25	.	22	16	29813698	.	C	T	.	clustered_events;haplotype;orientation	CONTQ=93;DP=46;ECNT=3;GERMQ=70;MBQ=20,20;MFRL=137,96;MMQ=60,60;MPOS=26;NALOD=1.18;NLOD=4.21;POPAF=5.60;ROQ=1;SEQQ=10;STRANDQ=40;TLOD=5.67	GT:AD:AF:DP:F1R2:F2R1:PGT:PID:PS:SB	0|0:24,0:0.063:24:13,0:11,0:0|1:29813698_C_T:29813698:14,10,0,0	0|1:20,2:0.154:22:14,0:6,2:0|1:29813698_C_T:29813698:10,10,1,1	RICKI-002T_S4_L001_sorted_rg_sorted_markdup_recal_RICKI-002N_S3_L001_sorted_rg_sorted_markdup_recal_filtered	C>T	SNV	TRUE
16	29813700	29813700	C	T	exonic	PRRT2	.	nonsynonymous SNV	PRRT2:NM_001256442:exon2:c.C646T:p.P216S,PRRT2:NM_001256443:exon2:c.C646T:p.P216S,PRRT2:NM_145239:exon2:c.C646T:p.P216S	.	.	.	.	.	.	.	.	.	.	.	.	.	.	.	.	.	.	.	.	0.03	D	0.713	P	0.225	B	0.008	N	0.847	D	0.695	N	-1.23	T	-0.044	T	0.478	T	0.211	2.705	15.01	2.94	0.996	1.100	7.393	0.0	0.912	D	0.713	0.402	P	0.162	0.363	B	0.008	0.313	N	0.847	0.351	D	0.895	0.225	L	-2.77	0.926	D	0.17	0.084	N	0.211	0.259	-0.044	0.813	T	0.478	0.800	T	0.049	0.639	D	0.193	0.478	.	.	4.516	0.605	24.3	0.999	0.933	0.356	0.251	N	c	-0.241	-0.218	1.000	0.454	0.658	0.486	0	2.94	0.330	1.114	0.306	0.935	0.490	0.106	0.227	0.994	0.587	7.393	0.259	.	.	.	0.25	.	22	16	29813700	.	C	T	.	clustered_events;haplotype;orientation;weak_evidence	CONTQ=93;DP=48;ECNT=3;GERMQ=70;MBQ=20,20;MFRL=137,96;MMQ=60,60;MPOS=28;NALOD=1.18;NLOD=4.21;POPAF=5.60;ROQ=1;SEQQ=10;STRANDQ=40;TLOD=5.64	GT:AD:AF:DP:F1R2:F2R1:PGT:PID:PS:SB	0|0:24,0:0.063:24:13,0:11,0:0|1:29813698_C_T:29813698:14,10,0,0	0|1:20,2:0.151:22:14,0:6,2:0|1:29813698_C_T:29813698:10,10,1,1	RICKI-002T_S4_L001_sorted_rg_sorted_markdup_recal_RICKI-002N_S3_L001_sorted_rg_sorted_markdup_recal_filtered	C>T	SNV	TRUE
16	75237210	75237210	C	T	exonic	BCAR1	.	synonymous SNV	BCAR1:NM_001170721:exon2:c.G138A:p.G46G,BCAR1:NM_001170715:exon3:c.G822A:p.G274G,BCAR1:NM_001170716:exon3:c.G822A:p.G274G,BCAR1:NM_001170717:exon3:c.G768A:p.G256G,BCAR1:NM_001170718:exon3:c.G768A:p.G256G,BCAR1:NM_001170719:exon3:c.G762A:p.G254G,BCAR1:NM_014567:exon3:c.G768A:p.G256G,BCAR1:NM_001170714:exon4:c.G906A:p.G302G,BCAR1:NM_001170720:exon4:c.G324A:p.G108G	.	.	.	.	.	.	.	.	.	.	.	.	.	.	.	.	.	.	.	.	.	.	.	.	.	.	.	.	.	.	.	.	.	.	.	.	.	.	.	.	.	.	.	.	.	.	.	.	.	.	.	.	.	.	.	.	.	.	.	.	.	.	.	.	.	.	.	.	.	.	.	.	.	.	.	.	.	.	.	.	.	.	.	.	.	.	.	.	.	.	.	.	.	.	.	.	.	.	.	.	.	.	.	.	.	.	.	.	.	.	.	.	.	.	.	0.25	.	30	16	75237210	.	C	T	.	haplotype;orientation	CONTQ=93;DP=50;ECNT=2;GERMQ=46;MBQ=20,20;MFRL=114,76;MMQ=60,60;MPOS=8;NALOD=0.875;NLOD=3.91;POPAF=5.60;ROQ=1;SEQQ=16;STRANDQ=80;TLOD=7.22	GT:AD:AF:DP:F1R2:F2R1:PGT:PID:PS:SB	0|0:20,0:0.067:20:11,0:8,0:0|1:75237210_C_T:75237210:8,12,0,0	0|1:24,6:0.181:30:11,2:13,0:0|1:75237210_C_T:75237210:11,13,3,3	RICKI-002T_S4_L001_sorted_rg_sorted_markdup_recal_RICKI-002N_S3_L001_sorted_rg_sorted_markdup_recal_filtered	C>T	SNV	FALSE
16	75237214	75237325	CGAACCGGGGGCACATCATAGATGTCCTGTGGCCCCGGGGCCAGCAGGTGTCGCGGGATGTCGTACTCGTCCTGCTCCGGCTGGGCGGCCTCGTATACATAGCCCTGCCCCA	-	exonic	BCAR1	.	frameshift deletion	BCAR1:NM_001170721:exon2:c.23_134del:p.V8fs,BCAR1:NM_001170715:exon3:c.707_818del:p.V236fs,BCAR1:NM_001170716:exon3:c.707_818del:p.V236fs,BCAR1:NM_001170717:exon3:c.653_764del:p.V218fs,BCAR1:NM_001170718:exon3:c.653_764del:p.V218fs,BCAR1:NM_001170719:exon3:c.647_758del:p.V216fs,BCAR1:NM_014567:exon3:c.653_764del:p.V218fs,BCAR1:NM_001170714:exon4:c.791_902del:p.V264fs,BCAR1:NM_001170720:exon4:c.209_320del:p.V70fs	.	.	.	.	.	.	.	.	.	.	.	.	.	.	.	.	.	.	.	.	.	.	.	.	.	.	.	.	.	.	.	.	.	.	.	.	.	.	.	.	.	.	.	.	.	.	.	.	.	.	.	.	.	.	.	.	.	.	.	.	.	.	.	.	.	.	.	.	.	.	.	.	.	.	.	.	.	.	.	.	.	.	.	.	.	.	.	.	.	.	.	.	.	.	.	.	.	.	.	.	.	.	.	.	.	.	.	.	.	.	.	.	.	.	.	0.25	.	30	16	75237213	.	CCGAACCGGGGGCACATCATAGATGTCCTGTGGCCCCGGGGCCAGCAGGTGTCGCGGGATGTCGTACTCGTCCTGCTCCGGCTGGGCGGCCTCGTATACATAGCCCTGCCCCA	C	.	haplotype;weak_evidence	CONTQ=93;DP=50;ECNT=2;GERMQ=31;MBQ=20,20;MFRL=114,76;MMQ=60,60;MPOS=8;NALOD=0.875;NLOD=3.91;POPAF=5.60;ROQ=93;SEQQ=3;STRANDQ=93;TLOD=7.22	GT:AD:AF:DP:F1R2:F2R1:PGT:PID:PS:SB	0|0:20,0:0.067:20:8,0:8,0:0|1:75237210_C_T:75237210:8,12,0,0	0|1:24,6:0.181:30:11,2:12,0:0|1:75237210_C_T:75237210:11,13,3,3	RICKI-002T_S4_L001_sorted_rg_sorted_markdup_recal_RICKI-002N_S3_L001_sorted_rg_sorted_markdup_recal_filtered	INDEL	INDEL	TRUE
16	85613480	85613480	G	T	intronic	GSE1	.	.	.	.	.	.	.	.	.	.	.	.	.	.	.	.	.	.	.	.	.	.	.	.	.	.	.	.	.	.	.	.	.	.	.	.	.	.	.	.	.	.	.	.	.	.	.	.	.	.	.	.	.	.	.	.	.	.	.	.	.	.	.	.	.	.	.	.	.	.	.	.	.	.	.	.	.	.	.	.	.	.	.	.	.	.	.	.	.	.	.	.	.	.	.	.	.	.	.	.	.	.	.	.	.	.	.	.	.	.	.	.	.	.	.	.	.	.	0.25	.	30	16	85613480	.	G	T	.	PASS	CONTQ=93;DP=47;ECNT=1;GERMQ=75;MBQ=20,20;MFRL=118,212;MMQ=60,60;MPOS=44;NALOD=1.09;NLOD=2.99;POPAF=5.60;ROQ=4;SEQQ=19;STRANDQ=37;TLOD=6.50	GT:AD:AF:DP:F1R2:F2R1:SB	0/0:16,0:0.077:16:6,0:10,0:3,13,0,0	0/1:28,2:0.106:30:10,0:18,2:11,17,1,1	RICKI-002T_S4_L001_sorted_rg_sorted_markdup_recal_RICKI-002N_S3_L001_sorted_rg_sorted_markdup_recal_filtered	C>A	SNV	FALSE
16	85657553	85657553	G	A	exonic	GSE1	.	nonsynonymous SNV	GSE1:NM_001134473:exon7:c.G1277A:p.G426D,GSE1:NM_001278184:exon7:c.G1370A:p.G457D,GSE1:NM_014615:exon8:c.G1589A:p.G530D	.	.	.	.	.	.	.	.	.	.	.	.	.	.	.	.	.	.	.	.	0.04	D	1.0	D	0.981	D	0.000	D	1.000	D	1.795	L	-0.39	T	-0.111	T	0.448	T	0.469	3.787	19.23	5.07	2.367	7.463	18.426	0.006	0.614	D	1.0	0.899	D	0.981	0.736	D	0.000	0.843	D	1.000	0.588	D	2.015	0.552	M	-0.39	0.692	T	-2.24	0.534	N	0.469	0.519	-0.111	0.799	T	0.448	0.784	T	0.281	0.903	D	0.238	0.547	0.117	0.025	5.039	0.678	25.2	0.998	0.901	0.984	0.823	D	c	0.613	0.559	1.000	0.747	0.672	0.522	0	5.07	0.680	7.627	0.822	0.974	0.594	1.000	0.715	0.970	0.461	18.426	0.905	.	.	.	0.25	.	13	16	85657553	.	G	A	.	orientation;weak_evidence	CONTQ=93;DP=43;ECNT=1;GERMQ=54;MBQ=20,20;MFRL=124,106;MMQ=60,60;MPOS=21;NALOD=1.22;NLOD=4.51;POPAF=5.60;ROQ=1;SEQQ=1;STRANDQ=45;TLOD=3.11	GT:AD:AF:DP:F1R2:F2R1:SB	0/0:24,0:0.057:24:8,0:15,0:10,14,0,0	0/1:11,2:0.216:13:7,0:4,2:5,6,1,1	RICKI-002T_S4_L001_sorted_rg_sorted_markdup_recal_RICKI-002N_S3_L001_sorted_rg_sorted_markdup_recal_filtered	C>T	SNV	TRUE
17	1228823	1228823	T	C	exonic	ABR	.	nonsynonymous SNV	ABR:NM_001322841:exon1:c.A808G:p.S270G,ABR:NM_001322842:exon1:c.A808G:p.S270G	.	.	.	.	.	.	.	.	.	.	.	.	.	.	.	.	.	.	.	.	.	.	.	.	.	.	.	.	.	.	.	.	.	.	.	.	.	.	.	.	.	.	.	.	.	.	.	.	.	.	.	.	.	.	.	.	.	.	.	.	.	.	.	.	.	.	.	.	.	.	.	.	.	.	.	.	.	.	.	.	.	.	.	.	.	.	.	.	.	.	.	.	.	.	.	.	.	.	.	.	.	.	.	.	.	.	.	.	.	.	.	.	.	.	.	0.25	.	27	17	1228823	.	T	C	.	orientation	CONTQ=93;DP=53;ECNT=1;GERMQ=42;MBQ=20,20;MFRL=89,95;MMQ=60,60;MPOS=33;NALOD=1.11;NLOD=3.61;POPAF=5.60;ROQ=1;SEQQ=14;STRANDQ=60;TLOD=6.50	GT:AD:AF:DP:F1R2:F2R1:SB	0/0:24,0:0.071:24:8,0:16,0:12,12,0,0	0/1:23,4:0.186:27:12,3:11,0:12,11,2,2	RICKI-002T_S4_L001_sorted_rg_sorted_markdup_recal_RICKI-002N_S3_L001_sorted_rg_sorted_markdup_recal_filtered	T>C	SNV	TRUE
17	42666022	42666026	CAAAG	-	intronic	TUBG2	.	.	.	.	.	.	.	.	.	.	.	.	.	.	.	.	.	.	.	.	.	.	.	.	.	.	.	.	.	.	.	.	.	.	.	.	.	.	.	.	.	.	.	.	.	.	.	.	.	.	.	.	.	.	.	.	.	.	.	.	.	.	.	.	.	.	.	.	.	.	.	.	.	.	.	.	.	.	.	.	.	.	.	.	.	.	.	.	.	.	.	.	.	.	.	.	.	.	.	.	.	.	.	.	.	.	.	.	.	.	.	.	.	.	.	.	.	.	0.25	.	57	17	42666021	.	CCAAAG	C	.	PASS	CONTQ=93;DP=121;ECNT=1;GERMQ=93;MBQ=20,32;MFRL=117,74;MMQ=60,49;MPOS=16;NALOD=1.52;NLOD=9.63;POPAF=5.60;ROQ=93;SEQQ=93;STRANDQ=93;TLOD=13.82	GT:AD:AF:DP:F1R2:F2R1:SB	0/0:62,0:0.029:62:21,0:37,0:32,30,0,0	0/1:53,4:0.091:57:25,4:26,0:28,25,2,2	RICKI-002T_S4_L001_sorted_rg_sorted_markdup_recal_RICKI-002N_S3_L001_sorted_rg_sorted_markdup_recal_filtered	INDEL	INDEL	FALSE
17	42780796	42780796	A	T	exonic	WNK4	.	nonsynonymous SNV	WNK4:NM_032387:exon1:c.A98T:p.Q33L	.	.	.	.	.	.	.	.	0.0001358	21	154602	0.0002	0	0.0019	0	0	0	0	0	rs772673471	0.36	T	0.0	B	0.001	B	0.154	N	1.000	N	0	N	-0.54	T	-1.007	T	0.141	T	0.165	1.588	11.27	2.41	0.488	.	9.655	0.528	0.071	T	0.0	0.026	B	0.001	0.040	B	0.154	0.179	N	1.000	0.200	N	0	0.065	N	-0.54	0.710	T	-0.32	0.123	N	0.165	0.199	-1.007	0.278	T	0.141	0.461	T	0.403	0.935	D	0.086	0.255	0.232	0.161	0.760	0.166	9.211	0.930	0.219	0.091	0.147	N	c	-1.184	-1.075	1.000	0.747	0.437	0.062	0	2.41	0.285	-2.194	0.013	-0.089	0.118	0.000	0.063	0.051	0.165	9.655	0.389	.	.	.	0.25	.	12	17	42780796	.	A	T	.	haplotype;orientation;panel_of_normals	CONTQ=93;DP=29;ECNT=2;GERMQ=33;MBQ=20,20;MFRL=107,142;MMQ=60,60;MPOS=11;NALOD=0.974;NLOD=2.41;PON;POPAF=5.60;ROQ=3;SEQQ=21;STRANDQ=46;TLOD=7.25	GT:AD:AF:DP:F1R2:F2R1:PGT:PID:PS:SB	0|0:15,0:0.097:15:8,0:3,0:0|1:42780796_A_T:42780796:8,7,0,0	0|1:10,2:0.222:12:2,0:5,2:0|1:42780796_A_T:42780796:6,4,1,1	RICKI-002T_S4_L001_sorted_rg_sorted_markdup_recal_RICKI-002N_S3_L001_sorted_rg_sorted_markdup_recal_filtered	T>A	SNV	TRUE
17	42780804	42780806	CTC	GGT	exonic	WNK4	.	nonframeshift substitution	WNK4:NM_032387:exon1:c.106_108GGT	.	.	.	.	.	.	.	.	.	.	.	.	.	.	.	.	.	.	.	.	.	.	.	.	.	.	.	.	.	.	.	.	.	.	.	.	.	.	.	.	.	.	.	.	.	.	.	.	.	.	.	.	.	.	.	.	.	.	.	.	.	.	.	.	.	.	.	.	.	.	.	.	.	.	.	.	.	.	.	.	.	.	.	.	.	.	.	.	.	.	.	.	.	.	.	.	.	.	.	.	.	.	.	.	.	.	.	.	.	.	.	.	.	.	.	0.25	.	18	17	42780804	.	CTC	GGT	.	haplotype;orientation	CONTQ=93;DP=33;ECNT=2;GERMQ=48;MBQ=20,20;MFRL=99,142;MMQ=60,60;MPOS=3;NALOD=0.954;NLOD=2.41;POPAF=5.60;ROQ=1;SEQQ=21;STRANDQ=42;TLOD=6.96	GT:AD:AF:DP:F1R2:F2R1:PGT:PID:PS:SB	0|0:15,0:0.100:15:11,0:3,0:0|1:42780796_A_T:42780796:8,7,0,0	0|1:16,2:0.167:18:5,0:9,2:0|1:42780796_A_T:42780796:9,7,1,1	RICKI-002T_S4_L001_sorted_rg_sorted_markdup_recal_RICKI-002N_S3_L001_sorted_rg_sorted_markdup_recal_filtered	INDEL	INDEL	TRUE
17	42794877	42794877	C	T	exonic	WNK4	.	nonsynonymous SNV	WNK4:NM_001321299:exon13:c.C1448T:p.P483L,WNK4:NM_032387:exon14:c.C2456T:p.P819L	.	.	.	.	.	.	.	.	.	.	.	.	.	.	.	.	.	.	.	.	0.16	T	0.42	B	0.142	B	0.000	D	0.996	D	0.895	L	-0.65	T	-0.810	T	0.191	T	0.293	2.235	13.43	4.58	2.781	1.573	9.286	0.002	0.721	D	0.42	0.335	B	0.142	0.321	B	0.000	0.443	D	0.996	0.429	D	2.32	0.666	M	-0.65	0.722	T	-2.09	0.476	N	0.293	0.353	-0.810	0.546	T	0.191	0.544	T	0.051	0.647	D	0.103	0.299	0.166	0.071	3.375	0.464	22.9	0.998	0.843	0.458	0.274	N	c	-0.261	-0.169	0.592	0.216	0.476	0.093	0	4.58	0.559	-0.009	0.126	0.892	0.403	0.000	0.063	0.965	0.450	9.286	0.367	.	.	.	0.25	.	2	17	42794877	.	C	T	.	orientation;weak_evidence	CONTQ=93;DP=20;ECNT=1;GERMQ=25;MBQ=20,20;MFRL=113,131;MMQ=60,60;MPOS=46;NALOD=1.04;NLOD=3.01;POPAF=5.60;ROQ=3;SEQQ=1;STRANDQ=69;TLOD=4.50	GT:AD:AF:DP:F1R2:F2R1:SB	0/0:18,0:0.083:18:16,0:2,0:10,8,0,0	0/1:0,2:0.667:2:0,2:0,0:0,0,1,1	RICKI-002T_S4_L001_sorted_rg_sorted_markdup_recal_RICKI-002N_S3_L001_sorted_rg_sorted_markdup_recal_filtered	C>T	SNV	TRUE
17	76010218	76010218	G	A	exonic	EVPL	.	nonsynonymous SNV	EVPL:NM_001320747:exon22:c.C3053T:p.A1018V,EVPL:NM_001988:exon22:c.C2987T:p.A996V	.	.	.	.	.	.	.	.	.	.	.	.	.	.	.	.	.	.	.	.	0.31	T	0.0	B	0.001	B	0.855	N	1.000	N	-0.6	N	-0.03	T	-1.030	T	0.090	T	0.072	-0.708	0.947	-3.9	-0.615	0.017	13.164	0.581	0.060	T	0.0	0.026	B	0.001	0.040	B	0.855	0.071	N	1	0.090	N	0.315	0.103	N	-0.03	0.631	T	0.82	0.018	N	0.072	0.061	-1.030	0.203	T	0.090	0.345	T	0.022	0.447	T	0.103	0.299	0.317	0.295	-1.434	0.018	0.003	0.638	0.071	0.019	0.057	N	c	-1.273	-1.276	0.378	0.199	0.403	0.052	0	-3.9	0.039	0.018	0.132	0.056	0.163	0.000	0.063	0.337	0.244	13.164	0.588	.	.	.	0.25	.	13	17	76010218	.	G	A	.	orientation;weak_evidence	CONTQ=93;DP=37;ECNT=1;GERMQ=50;MBQ=20,20;MFRL=121,134;MMQ=60,60;MPOS=17;NALOD=1.15;NLOD=3.91;POPAF=5.60;ROQ=1;SEQQ=1;STRANDQ=45;TLOD=3.17	GT:AD:AF:DP:F1R2:F2R1:SB	0/0:22,0:0.067:22:12,0:10,0:13,9,0,0	0/1:11,2:0.219:13:3,2:8,0:5,6,1,1	RICKI-002T_S4_L001_sorted_rg_sorted_markdup_recal_RICKI-002N_S3_L001_sorted_rg_sorted_markdup_recal_filtered	C>T	SNV	TRUE
20	38217312	38217315	CCGC	-	exonic	KIAA1755	.	frameshift deletion	KIAA1755:NM_001348708:exon11:c.1792_1795del:p.A598fs,KIAA1755:NM_001029864:exon13:c.2839_2842del:p.A947fs	.	.	.	.	.	.	.	.	.	.	.	.	.	.	.	.	.	.	.	.	.	.	.	.	.	.	.	.	.	.	.	.	.	.	.	.	.	.	.	.	.	.	.	.	.	.	.	.	.	.	.	.	.	.	.	.	.	.	.	.	.	.	.	.	.	.	.	.	.	.	.	.	.	.	.	.	.	.	.	.	.	.	.	.	.	.	.	.	.	.	.	.	.	.	.	.	.	.	.	.	.	.	.	.	.	.	.	.	.	.	.	.	.	.	.	0.25	.	76	20	38217311	.	GCCGC	G	.	PASS	CONTQ=93;DP=104;ECNT=1;GERMQ=93;MBQ=20,20;MFRL=117,158;MMQ=60,60;MPOS=72;NALOD=1.19;NLOD=4.21;POPAF=5.60;ROQ=93;SEQQ=10;STRANDQ=46;TLOD=5.84	GT:AD:AF:DP:F1R2:F2R1:SB	0/0:26,0:0.061:26:9,0:17,0:13,13,0,0	0/1:74,2:0.051:76:32,2:39,0:37,37,1,1	RICKI-002T_S4_L001_sorted_rg_sorted_markdup_recal_RICKI-002N_S3_L001_sorted_rg_sorted_markdup_recal_filtered	INDEL	INDEL	TRUE
20	46689313	46689313	G	A	exonic	TP53RK	.	synonymous SNV	TP53RK:NM_033550:exon1:c.C102T:p.S34S	.	.	.	.	.	.	.	.	.	.	.	.	.	.	.	.	.	.	.	rs770901961	.	.	.	.	.	.	.	.	.	.	.	.	.	.	.	.	.	.	.	.	.	.	.	.	.	.	.	.	.	.	.	.	.	.	.	.	.	.	.	.	.	.	.	.	.	.	.	.	.	.	.	.	.	.	.	.	.	.	.	.	.	.	.	.	.	.	.	.	.	.	.	.	.	.	.	.	.	.	.	.	.	.	.	.	.	.	.	.	.	.	.	.	.	.	.	0.25	.	36	20	46689313	.	G	A	.	clustered_events;orientation;weak_evidence	CONTQ=93;DP=95;ECNT=6;GERMQ=93;MBQ=20,20;MFRL=108,82;MMQ=60,60;MPOS=17;NALOD=1.45;NLOD=8.13;POPAF=5.60;ROQ=1;SEQQ=2;STRANDQ=40;TLOD=4.40	GT:AD:AF:DP:F1R2:F2R1:SB	0/0:53,0:0.034:53:25,0:27,0:26,27,0,0	0/1:33,3:0.135:36:16,0:17,3:17,16,1,2	RICKI-002T_S4_L001_sorted_rg_sorted_markdup_recal_RICKI-002N_S3_L001_sorted_rg_sorted_markdup_recal_filtered	C>T	SNV	FALSE
20	46689356	46689356	T	-	exonic	TP53RK	.	frameshift deletion	TP53RK:NM_033550:exon1:c.59delA:p.E20fs	.	.	.	.	.	.	.	.	.	.	.	.	.	.	.	.	.	.	.	.	.	.	.	.	.	.	.	.	.	.	.	.	.	.	.	.	.	.	.	.	.	.	.	.	.	.	.	.	.	.	.	.	.	.	.	.	.	.	.	.	.	.	.	.	.	.	.	.	.	.	.	.	.	.	.	.	.	.	.	.	.	.	.	.	.	.	.	.	.	.	.	.	.	.	.	.	.	.	.	.	.	.	.	.	.	.	.	.	.	.	.	.	.	.	.	0.25	.	16	20	46689355	.	CT	C	.	clustered_events;haplotype	CONTQ=93;DP=53;ECNT=6;GERMQ=62;MBQ=20,20;MFRL=116,92;MMQ=60,60;MPOS=15;NALOD=0.945;NLOD=4.31;POPAF=5.60;ROQ=93;SEQQ=24;STRANDQ=50;TLOD=7.28	GT:AD:AF:DP:F1R2:F2R1:PGT:PID:PS:SB	0|0:30,0:0.057:30:12,0:18,0:0|1:46689355_CT_C:46689355:15,15,0,0	0|1:14,2:0.181:16:9,0:5,2:0|1:46689355_CT_C:46689355:6,8,1,1	RICKI-002T_S4_L001_sorted_rg_sorted_markdup_recal_RICKI-002N_S3_L001_sorted_rg_sorted_markdup_recal_filtered	INDEL	INDEL	TRUE
20	46689358	46689358	A	-	exonic	TP53RK	.	frameshift deletion	TP53RK:NM_033550:exon1:c.57delT:p.A19fs	.	.	.	.	.	.	.	.	.	.	.	.	.	.	.	.	.	.	.	.	.	.	.	.	.	.	.	.	.	.	.	.	.	.	.	.	.	.	.	.	.	.	.	.	.	.	.	.	.	.	.	.	.	.	.	.	.	.	.	.	.	.	.	.	.	.	.	.	.	.	.	.	.	.	.	.	.	.	.	.	.	.	.	.	.	.	.	.	.	.	.	.	.	.	.	.	.	.	.	.	.	.	.	.	.	.	.	.	.	.	.	.	.	.	.	0.25	.	16	20	46689357	.	CA	C	.	clustered_events;haplotype	CONTQ=93;DP=52;ECNT=6;GERMQ=62;MBQ=20,20;MFRL=116,92;MMQ=60,60;MPOS=14;NALOD=0.945;NLOD=4.31;POPAF=5.60;ROQ=93;SEQQ=24;STRANDQ=50;TLOD=7.28	GT:AD:AF:DP:F1R2:F2R1:PGT:PID:PS:SB	0|0:30,0:0.057:30:12,0:18,0:0|1:46689355_CT_C:46689355:15,15,0,0	0|1:14,2:0.182:16:9,0:5,2:0|1:46689355_CT_C:46689355:6,8,1,1	RICKI-002T_S4_L001_sorted_rg_sorted_markdup_recal_RICKI-002N_S3_L001_sorted_rg_sorted_markdup_recal_filtered	INDEL	INDEL	TRUE
20	46689362	46689362	T	-	exonic	TP53RK	.	frameshift deletion	TP53RK:NM_033550:exon1:c.53delA:p.E18fs	.	.	.	.	.	.	.	.	.	.	.	.	.	.	.	.	.	.	.	.	.	.	.	.	.	.	.	.	.	.	.	.	.	.	.	.	.	.	.	.	.	.	.	.	.	.	.	.	.	.	.	.	.	.	.	.	.	.	.	.	.	.	.	.	.	.	.	.	.	.	.	.	.	.	.	.	.	.	.	.	.	.	.	.	.	.	.	.	.	.	.	.	.	.	.	.	.	.	.	.	.	.	.	.	.	.	.	.	.	.	.	.	.	.	.	0.25	.	15	20	46689361	.	CT	C	.	clustered_events;haplotype	CONTQ=93;DP=43;ECNT=6;GERMQ=58;MBQ=20,20;MFRL=119,92;MMQ=60,60;MPOS=11;NALOD=0.903;NLOD=4.21;POPAF=5.60;ROQ=93;SEQQ=24;STRANDQ=51;TLOD=7.37	GT:AD:AF:DP:F1R2:F2R1:PGT:PID:PS:SB	0|0:28,0:0.063:28:12,0:16,0:0|1:46689355_CT_C:46689355:14,14,0,0	0|1:13,2:0.200:15:9,0:4,2:0|1:46689355_CT_C:46689355:6,7,1,1	RICKI-002T_S4_L001_sorted_rg_sorted_markdup_recal_RICKI-002N_S3_L001_sorted_rg_sorted_markdup_recal_filtered	INDEL	INDEL	TRUE
20	46689366	46689366	-	A	exonic	TP53RK	.	frameshift insertion	TP53RK:NM_033550:exon1:c.48_49insT:p.P17fs	.	.	.	.	.	.	.	.	.	.	.	.	.	.	.	.	.	.	.	.	.	.	.	.	.	.	.	.	.	.	.	.	.	.	.	.	.	.	.	.	.	.	.	.	.	.	.	.	.	.	.	.	.	.	.	.	.	.	.	.	.	.	.	.	.	.	.	.	.	.	.	.	.	.	.	.	.	.	.	.	.	.	.	.	.	.	.	.	.	.	.	.	.	.	.	.	.	.	.	.	.	.	.	.	.	.	.	.	.	.	.	.	.	.	.	0.25	.	13	20	46689366	.	G	GA	.	clustered_events;haplotype;weak_evidence	CONTQ=93;DP=41;ECNT=6;GERMQ=17;MBQ=20,20;MFRL=119,92;MMQ=60,60;MPOS=7;NALOD=0.903;NLOD=4.21;POPAF=5.60;ROQ=93;SEQQ=1;STRANDQ=52;TLOD=7.47	GT:AD:AF:DP:F1R2:F2R1:PGT:PID:PS:SB	0|0:28,0:0.063:28:10,0:15,0:0|1:46689355_CT_C:46689355:14,14,0,0	0|1:11,2:0.222:13:7,0:4,2:0|1:46689355_CT_C:46689355:5,6,1,1	RICKI-002T_S4_L001_sorted_rg_sorted_markdup_recal_RICKI-002N_S3_L001_sorted_rg_sorted_markdup_recal_filtered	INDEL	INDEL	TRUE
20	46689370	46689370	G	T	exonic	TP53RK	.	synonymous SNV	TP53RK:NM_033550:exon1:c.C45A:p.P15P	.	.	.	.	.	.	.	.	1.29e-05	2	154602	5.609e-05	0	0	0	0	0.0001	0	0	rs780941418	.	.	.	.	.	.	.	.	.	.	.	.	.	.	.	.	.	.	.	.	.	.	.	.	.	.	.	.	.	.	.	.	.	.	.	.	.	.	.	.	.	.	.	.	.	.	.	.	.	.	.	.	.	.	.	.	.	.	.	.	.	.	.	.	.	.	.	.	.	.	.	.	.	.	.	.	.	.	.	.	.	.	.	.	.	.	.	.	.	.	.	.	.	.	.	0.25	.	13	20	46689370	.	G	T	.	clustered_events;haplotype;orientation;panel_of_normals	CONTQ=93;DP=38;ECNT=6;GERMQ=50;MBQ=20,20;MFRL=117,92;MMQ=60,60;MPOS=2;NALOD=0.875;NLOD=3.91;PON;POPAF=5.60;ROQ=4;SEQQ=24;STRANDQ=45;TLOD=7.47	GT:AD:AF:DP:F1R2:F2R1:PGT:PID:PS:SB	0|0:25,0:0.067:25:9,0:15,0:0|1:46689355_CT_C:46689355:12,13,0,0	0|1:11,2:0.222:13:6,0:4,2:0|1:46689355_CT_C:46689355:5,6,1,1	RICKI-002T_S4_L001_sorted_rg_sorted_markdup_recal_RICKI-002N_S3_L001_sorted_rg_sorted_markdup_recal_filtered	C>A	SNV	FALSE
22	31615275	31615275	C	T	exonic	SFI1	.	nonsynonymous SNV	SFI1:NM_001258325:exon27:c.C3131T:p.A1044V,SFI1:NM_001258326:exon27:c.C3050T:p.A1017V,SFI1:NM_001258327:exon27:c.C3014T:p.A1005V,SFI1:NM_014775:exon28:c.C3203T:p.A1068V,SFI1:NM_001007467:exon29:c.C3296T:p.A1099V	.	.	.	.	.	.	.	.	.	.	.	.	.	.	.	.	.	.	.	.	0.08	T	0.996	D	0.99	D	0.730	N	1.000	N	0	N	2.96	T	-1.028	T	0.033	T	0.071	1.927	12.40	-0.931	0.109	0.140	0.677	0.109	0.310	T	0.372	0.670	B	0.076	0.774	B	0.730	0.064	N	1	0.090	N	1.91	0.513	L	2.96	0.112	T	-1.54	0.373	N	0.044	0.059	-1.028	0.212	T	0.033	0.143	T	0.008	0.213	T	0.052	0.151	0.231	0.159	2.974	0.418	22.1	0.979	0.361	0.196	0.205	N	c	-0.920	-0.992	0.999	0.371	0.722	0.854	0	-0.931	0.099	-0.099	0.109	0.852	0.362	0.000	0.063	0.038	0.155	0.677	0.008	.	.	.	0.25	.	45	22	31615275	.	C	T	.	orientation	CONTQ=93;DP=78;ECNT=1;GERMQ=93;MBQ=20,20;MFRL=126,105;MMQ=60,60;MPOS=30;NALOD=1.23;NLOD=4.82;POPAF=5.60;ROQ=1;SEQQ=56;STRANDQ=52;TLOD=10.18	GT:AD:AF:DP:F1R2:F2R1:SB	0/0:30,0:0.056:30:19,0:11,0:16,14,0,0	0/1:41,4:0.124:45:25,0:16,4:20,21,2,2	RICKI-002T_S4_L001_sorted_rg_sorted_markdup_recal_RICKI-002N_S3_L001_sorted_rg_sorted_markdup_recal_filtered	C>T	SNV	TRUE
3	17479442	17479442	G	A	intronic	TBC1D5	.	.	.	.	.	.	.	.	.	.	.	.	.	.	.	.	.	.	.	.	.	.	.	.	.	.	.	.	.	.	.	.	.	.	.	.	.	.	.	.	.	.	.	.	.	.	.	.	.	.	.	.	.	.	.	.	.	.	.	.	.	.	.	.	.	.	.	.	.	.	.	.	.	.	.	.	.	.	.	.	.	.	.	.	.	.	.	.	.	.	.	.	.	.	.	.	.	.	.	.	.	.	.	.	.	.	.	.	.	.	.	.	.	.	.	.	.	.	0.25	.	28	3	17479442	.	G	A	.	orientation;weak_evidence	CONTQ=93;DP=53;ECNT=1;GERMQ=71;MBQ=20,20;MFRL=142,122;MMQ=60,60;MPOS=15;NALOD=1.18;NLOD=4.21;POPAF=5.60;ROQ=1;SEQQ=5;STRANDQ=59;TLOD=5.38	GT:AD:AF:DP:F1R2:F2R1:SB	0/0:25,0:0.063:25:15,0:10,0:12,13,0,0	0/1:24,4:0.187:28:12,4:12,0:12,12,2,2	RICKI-002T_S4_L001_sorted_rg_sorted_markdup_recal_RICKI-002N_S3_L001_sorted_rg_sorted_markdup_recal_filtered	C>T	SNV	FALSE
3	151214060	151214060	G	A	exonic	P2RY14	.	nonsynonymous SNV	P2RY14:NM_001081455:exon3:c.C257T:p.P86L,P2RY14:NM_014879:exon3:c.C257T:p.P86L	.	.	.	.	.	.	.	.	.	.	.	.	.	.	.	.	.	.	.	.	0.29	T	0.285	B	0.202	B	0.001	N	1.000	D	0.935	L	1.28	T	-0.757	T	0.240	T	0.366	2.287	13.60	4.93	1.455	2.215	14.902	0.057	0.379	T	0.285	0.304	B	0.202	0.353	B	0.001	0.408	N	1	0.810	D	1.92	0.515	L	-0.59	0.716	T	-4.22	0.793	D	0.334	0.427	-0.757	0.576	T	0.240	0.609	T	0.039	0.589	D	0.088	0.260	0.452	0.515	2.316	0.340	18.27	0.977	0.347	0.925	0.556	D	c	-0.074	0.067	0.999	0.383	0.497	0.185	0	4.93	0.643	1.101	0.304	1.048	0.713	0.058	0.215	0.838	0.350	14.902	0.702	GPCR, rhodopsin-like, 7TM	.	.	0.25	.	24	3	151214060	.	G	A	.	orientation	CONTQ=93;DP=59;ECNT=1;GERMQ=76;MBQ=20,20;MFRL=143,122;MMQ=60,60;MPOS=38;NALOD=1.30;NLOD=5.72;POPAF=5.60;ROQ=1;SEQQ=58;STRANDQ=62;TLOD=10.97	GT:AD:AF:DP:F1R2:F2R1:SB	0/0:35,0:0.048:35:17,0:18,0:16,19,0,0	0/1:20,4:0.214:24:14,0:6,4:10,10,2,2	RICKI-002T_S4_L001_sorted_rg_sorted_markdup_recal_RICKI-002N_S3_L001_sorted_rg_sorted_markdup_recal_filtered	C>T	SNV	TRUE
3	195892504	195892504	C	-	UTR5	TNK2	NM_001308046:c.-16delG	.	.	.	.	.	.	.	.	.	.	0.0002305	6	26028	.	.	.	.	.	.	.	.	.	.	.	.	.	.	.	.	.	.	.	.	.	.	.	.	.	.	.	.	.	.	.	.	.	.	.	.	.	.	.	.	.	.	.	.	.	.	.	.	.	.	.	.	.	.	.	.	.	.	.	.	.	.	.	.	.	.	.	.	.	.	.	.	.	.	.	.	.	.	.	.	.	.	.	.	.	.	.	.	.	.	.	.	.	.	.	.	.	.	.	.	.	.	.	.	0.25	.	46	3	195892503	.	AC	A	.	PASS	CONTQ=93;DP=62;ECNT=1;GERMQ=93;MBQ=20,20;MFRL=115,108;MMQ=60,60;MPOS=35;NALOD=0.953;NLOD=2.40;POPAF=5.60;ROQ=93;RPA=7,6;RU=C;SEQQ=13;STR;STRANDQ=65;STRQ=93;TLOD=5.84	GT:AD:AF:DP:F1R2:F2R1:SB	0/0:14,0:0.100:14:8,0:6,0:6,8,0,0	0/1:42,4:0.110:46:23,4:19,0:19,23,2,2	RICKI-002T_S4_L001_sorted_rg_sorted_markdup_recal_RICKI-002N_S3_L001_sorted_rg_sorted_markdup_recal_filtered	INDEL	INDEL	FALSE
4	82829103	82829103	-	A	intronic	SEC31A	.	.	.	.	.	.	.	.	.	.	.	0.0004226	11	26028	0.0002	0.0001	0.0017	0	0	5.905e-05	0	0	rs751770104	.	.	.	.	.	.	.	.	.	.	.	.	.	.	.	.	.	.	.	.	.	.	.	.	.	.	.	.	.	.	.	.	.	.	.	.	.	.	.	.	.	.	.	.	.	.	.	.	.	.	.	.	.	.	.	.	.	.	.	.	.	.	.	.	.	.	.	.	.	.	.	.	.	.	.	.	.	.	.	.	.	.	.	.	.	.	.	.	.	.	.	.	.	.	.	0.25	.	21	4	82829103	.	G	GA	.	normal_artifact;slippage;weak_evidence	CONTQ=93;DP=72;ECNT=1;GERMQ=37;MBQ=20,20;MFRL=132,142;MMQ=60,60;MPOS=31;NALOD=0.056;NLOD=4.06;POPAF=5.60;ROQ=93;RPA=8,9;RU=A;SEQQ=1;STR;STRANDQ=47;STRQ=1;TLOD=5.33	GT:AD:AF:DP:F1R2:F2R1:SB	0/0:31,2:0.080:33:16,2:15,0:13,18,1,1	0/1:19,2:0.151:21:14,0:5,2:9,10,1,1	RICKI-002T_S4_L001_sorted_rg_sorted_markdup_recal_RICKI-002N_S3_L001_sorted_rg_sorted_markdup_recal_filtered	INDEL	INDEL	FALSE
6	109528988	109528988	A	-	intronic	AK9	.	.	.	.	.	.	.	.	.	.	.	0.0006598	102	154602	9.563e-05	0	0	0	0	0.0002	0	0	rs751112086	.	.	.	.	.	.	.	.	.	.	.	.	.	.	.	.	.	.	.	.	.	.	.	.	.	.	.	.	.	.	.	.	.	.	.	.	.	.	.	.	.	.	.	.	.	.	.	.	.	.	.	.	.	.	.	.	.	.	.	.	.	.	.	.	.	.	.	.	.	.	.	.	.	.	.	.	.	.	.	.	.	.	.	.	.	.	.	.	.	.	.	.	.	.	.	0.25	.	47	6	109528987	.	GA	G,GAA	.	germline;multiallelic;normal_artifact;panel_of_normals;slippage;weak_evidence	CONTQ=93;DP=98;ECNT=1;GERMQ=1;MBQ=20,20,20;MFRL=135,150,117;MMQ=60,60,60;MPOS=49,25;NALOD=1.03,-2.999e+00;NLOD=8.54,-3.773e+00;PON;POPAF=4.30,5.60;ROQ=93;RPA=10,9,11;RU=A;SEQQ=3;STR;STRANDQ=93;STRQ=1;TLOD=9.47,9.56	GT:AD:AF:DP:F1R2:F2R1:SB	0/0:37,0,13:0.031,0.237:50:10,0,2:27,0,10:20,17,6,7	0/1/2:30,7,10:0.184,0.220:47:12,5,4:18,2,6:15,15,9,8	RICKI-002T_S4_L001_sorted_rg_sorted_markdup_recal_RICKI-002N_S3_L001_sorted_rg_sorted_markdup_recal_filtered	INDEL	INDEL	FALSE
6	109528988	109528988	-	A	intronic	AK9	.	.	.	.	.	.	.	.	.	.	.	.	.	.	.	.	.	.	.	.	.	.	.	.	.	.	.	.	.	.	.	.	.	.	.	.	.	.	.	.	.	.	.	.	.	.	.	.	.	.	.	.	.	.	.	.	.	.	.	.	.	.	.	.	.	.	.	.	.	.	.	.	.	.	.	.	.	.	.	.	.	.	.	.	.	.	.	.	.	.	.	.	.	.	.	.	.	.	.	.	.	.	.	.	.	.	.	.	.	.	.	.	.	.	.	.	.	.	0.25	.	47	6	109528987	.	GA	G,GAA	.	germline;multiallelic;normal_artifact;panel_of_normals;slippage;weak_evidence	CONTQ=93;DP=98;ECNT=1;GERMQ=1;MBQ=20,20,20;MFRL=135,150,117;MMQ=60,60,60;MPOS=49,25;NALOD=1.03,-2.999e+00;NLOD=8.54,-3.773e+00;PON;POPAF=4.30,5.60;ROQ=93;RPA=10,9,11;RU=A;SEQQ=3;STR;STRANDQ=93;STRQ=1;TLOD=9.47,9.56	GT:AD:AF:DP:F1R2:F2R1:SB	0/0:37,0,13:0.031,0.237:50:10,0,2:27,0,10:20,17,6,7	0/1/2:30,7,10:0.184,0.220:47:12,5,4:18,2,6:15,15,9,8	RICKI-002T_S4_L001_sorted_rg_sorted_markdup_recal_RICKI-002N_S3_L001_sorted_rg_sorted_markdup_recal_filtered	INDEL	INDEL	FALSE
7	596254	596254	G	A	exonic	PRKAR1B	.	synonymous SNV	PRKAR1B:NM_001164758:exon7:c.C600T:p.F200F,PRKAR1B:NM_001164759:exon7:c.C600T:p.F200F,PRKAR1B:NM_001164760:exon7:c.C600T:p.F200F,PRKAR1B:NM_001164761:exon7:c.C600T:p.F200F,PRKAR1B:NM_001164762:exon7:c.C600T:p.F200F,PRKAR1B:NM_002735:exon7:c.C600T:p.F200F	7.7e-05	.	.	.	.	.	.	.	3.23e-05	5	154602	4.721e-05	0	0.0003	0	0	1.844e-05	0	6.16e-05	rs374924347	.	.	.	.	.	.	.	.	1.000	D	.	.	.	.	-0.341	T	0.268	T	.	1.123	9.579	-9.77	-2.199	-1.074	19.508	.	.	.	.	.	.	.	.	.	.	.	.	.	.	.	.	.	.	.	.	.	.	.	.	.	.	.	.	.	.	.	.	.	.	.	.	.	.	.	.	.	.	.	.	.	.	.	.	.	.	.	.	.	.	.	.	.	.	.	.	.	.	.	.	.	.	.	.	.	.	0.25	.	49	7	596254	.	G	A	.	PASS	CONTQ=93;DP=94;ECNT=1;GERMQ=93;MBQ=20,20;MFRL=120,122;MMQ=60,60;MPOS=25;NALOD=1.38;NLOD=6.92;POPAF=4.61;ROQ=12;SEQQ=9;STRANDQ=50;TLOD=5.33	GT:AD:AF:DP:F1R2:F2R1:SB	0/0:43,0:0.040:43:22,0:21,0:20,23,0,0	0/1:45,4:0.111:49:26,2:19,2:22,23,2,2	RICKI-002T_S4_L001_sorted_rg_sorted_markdup_recal_RICKI-002N_S3_L001_sorted_rg_sorted_markdup_recal_filtered	C>T	SNV	FALSE
7	151396232	151396232	G	A	intronic	WDR86	.	.	.	.	.	.	.	.	.	.	.	.	.	.	.	.	.	.	.	.	.	.	.	.	.	.	.	.	.	.	.	.	.	.	.	.	.	.	.	.	.	.	.	.	.	.	.	.	.	.	.	.	.	.	.	.	.	.	.	.	.	.	.	.	.	.	.	.	.	.	.	.	.	.	.	.	.	.	.	.	.	.	.	.	.	.	.	.	.	.	.	.	.	.	.	.	.	.	.	.	.	.	.	.	.	.	.	.	.	.	.	.	.	.	.	.	.	.	0.25	.	53	7	151396232	.	G	A	.	PASS	CONTQ=93;DP=80;ECNT=1;GERMQ=93;MBQ=20,20;MFRL=120,155;MMQ=60,60;MPOS=18;NALOD=1.15;NLOD=3.91;POPAF=5.60;ROQ=12;SEQQ=14;STRANDQ=49;TLOD=5.80	GT:AD:AF:DP:F1R2:F2R1:SB	0/0:24,0:0.067:24:9,0:15,0:13,11,0,0	0/1:49,4:0.100:53:30,2:19,2:23,26,2,2	RICKI-002T_S4_L001_sorted_rg_sorted_markdup_recal_RICKI-002N_S3_L001_sorted_rg_sorted_markdup_recal_filtered	C>T	SNV	FALSE
8	10609178	10609222	GCTGAGGGCTGGCTCGTCCTCCAGGGTGAAGGAGAGGGGCCCCAG	-	exonic	RP1L1	.	nonframeshift deletion	RP1L1:NM_178857:exon4:c.4876_4920del:p.1626_1640del	.	.	.	.	.	.	.	.	.	.	.	.	.	.	.	.	.	.	.	.	.	.	.	.	.	.	.	.	.	.	.	.	.	.	.	.	.	.	.	.	.	.	.	.	.	.	.	.	.	.	.	.	.	.	.	.	.	.	.	.	.	.	.	.	.	.	.	.	.	.	.	.	.	.	.	.	.	.	.	.	.	.	.	.	.	.	.	.	.	.	.	.	.	.	.	.	.	.	.	.	.	.	.	.	.	.	.	.	.	.	.	.	.	.	.	0.25	.	65	8	10609177	.	TGCTGAGGGCTGGCTCGTCCTCCAGGGTGAAGGAGAGGGGCCCCAG	T	.	weak_evidence	CONTQ=93;DP=87;ECNT=1;GERMQ=93;MBQ=20,25;MFRL=111,233;MMQ=60,60;MPOS=56;NALOD=1.08;NLOD=3.31;POPAF=5.60;ROQ=93;SEQQ=2;STRANDQ=93;TLOD=6.04	GT:AD:AF:DP:F1R2:F2R1:SB	0/0:21,0:0.077:21:8,0:5,0:10,11,0,0	0/1:63,2:0.056:65:16,0:19,2:33,30,1,1	RICKI-002T_S4_L001_sorted_rg_sorted_markdup_recal_RICKI-002N_S3_L001_sorted_rg_sorted_markdup_recal_filtered	INDEL	INDEL	TRUE
8	10609323	10609325	CTT	AAG	exonic	RP1L1	.	nonframeshift substitution	RP1L1:NM_178857:exon4:c.4773_4775CTT	.	.	.	.	.	.	.	.	.	.	.	.	.	.	.	.	.	.	.	.	.	.	.	.	.	.	.	.	.	.	.	.	.	.	.	.	.	.	.	.	.	.	.	.	.	.	.	.	.	.	.	.	.	.	.	.	.	.	.	.	.	.	.	.	.	.	.	.	.	.	.	.	.	.	.	.	.	.	.	.	.	.	.	.	.	.	.	.	.	.	.	.	.	.	.	.	.	.	.	.	.	.	.	.	.	.	.	.	.	.	.	.	.	.	.	0.25	.	41	8	10609323	.	CTT	AAG	.	clustered_events;orientation;panel_of_normals	CONTQ=93;DP=63;ECNT=3;GERMQ=91;MBQ=20,20;MFRL=132,104;MMQ=60,60;MPOS=13;NALOD=1.000;NLOD=2.71;PON;POPAF=5.60;ROQ=5;SEQQ=88;STRANDQ=53;TLOD=13.44	GT:AD:AF:DP:F1R2:F2R1:SB	0/0:17,0:0.091:17:7,0:8,0:9,8,0,0	0/1:37,4:0.166:41:8,3:29,1:18,19,2,2	RICKI-002T_S4_L001_sorted_rg_sorted_markdup_recal_RICKI-002N_S3_L001_sorted_rg_sorted_markdup_recal_filtered	INDEL	INDEL	TRUE
8	10609332	10609332	T	C	exonic	RP1L1	.	nonsynonymous SNV	RP1L1:NM_178857:exon4:c.A4766G:p.E1589G	.	.	.	.	.	.	.	.	.	.	.	.	.	.	.	.	.	.	.	.	0.2	T	0.0	B	0.0	B	.	.	1.000	N	-0.55	N	3.61	T	-0.920	T	0.007	T	0.039	0.499	6.706	1.07	0.413	1.277	8.802	0.513	0.074	T	0.0	0.026	B	0.0	0.013	B	.	.	.	1.000	0.189	N	-0.945	0.013	N	3.61	0.045	T	0.56	0.027	N	0.039	0.019	-0.920	0.455	T	0.007	0.023	T	0.003	0.070	T	0.044	0.123	0.224	0.149	0.017	0.095	2.749	0.908	0.195	0.001	0.009	N	c	-1.247	-1.218	0.000	0.063	0.554	0.283	0	1.07	0.193	1.247	0.322	-0.455	0.056	0.001	0.137	0.000	0.016	8.802	0.339	.	.	.	0.25	.	45	8	10609332	.	T	C	.	clustered_events;haplotype;orientation	CONTQ=93;DP=63;ECNT=3;GERMQ=93;MBQ=20,20;MFRL=123,104;MMQ=60,60;MPOS=4;NALOD=1.000;NLOD=2.71;POPAF=5.60;ROQ=5;SEQQ=40;STRANDQ=38;TLOD=8.48	GT:AD:AF:DP:F1R2:F2R1:PGT:PID:PS:SB	0|0:18,0:0.091:18:8,0:10,0:0|1:10609332_T_C:10609332:9,9,0,0	0|1:42,3:0.115:45:11,2:31,1:0|1:10609332_T_C:10609332:21,21,1,2	RICKI-002T_S4_L001_sorted_rg_sorted_markdup_recal_RICKI-002N_S3_L001_sorted_rg_sorted_markdup_recal_filtered	T>C	SNV	TRUE
8	10609333	10609333	-	T	exonic	RP1L1	.	frameshift insertion	RP1L1:NM_178857:exon4:c.4764_4765insA:p.E1589fs	.	.	.	.	.	.	.	.	.	.	.	.	.	.	.	.	.	.	.	.	.	.	.	.	.	.	.	.	.	.	.	.	.	.	.	.	.	.	.	.	.	.	.	.	.	.	.	.	.	.	.	.	.	.	.	.	.	.	.	.	.	.	.	.	.	.	.	.	.	.	.	.	.	.	.	.	.	.	.	.	.	.	.	.	.	.	.	.	.	.	.	.	.	.	.	.	.	.	.	.	.	.	.	.	.	.	.	.	.	.	.	.	.	.	.	0.25	.	45	8	10609333	.	C	CT	.	clustered_events;haplotype;weak_evidence	CONTQ=93;DP=63;ECNT=3;GERMQ=77;MBQ=20,20;MFRL=123,104;MMQ=60,60;MPOS=3;NALOD=1.000;NLOD=2.71;POPAF=5.60;ROQ=93;SEQQ=5;STRANDQ=45;TLOD=8.48	GT:AD:AF:DP:F1R2:F2R1:PGT:PID:PS:SB	0|0:18,0:0.091:18:8,0:10,0:0|1:10609332_T_C:10609332:9,9,0,0	0|1:42,3:0.115:45:11,2:31,1:0|1:10609332_T_C:10609332:21,21,1,2	RICKI-002T_S4_L001_sorted_rg_sorted_markdup_recal_RICKI-002N_S3_L001_sorted_rg_sorted_markdup_recal_filtered	INDEL	INDEL	TRUE
8	52676531	52676532	TC	-	exonic	RB1CC1	.	frameshift deletion	RB1CC1:NM_001083617:exon6:c.409_410del:p.E137fs,RB1CC1:NM_014781:exon6:c.409_410del:p.E137fs	.	.	.	.	.	.	.	.	.	.	.	.	.	.	.	.	.	.	.	.	.	.	.	.	.	.	.	.	.	.	.	.	.	.	.	.	.	.	.	.	.	.	.	.	.	.	.	.	.	.	.	.	.	.	.	.	.	.	.	.	.	.	.	.	.	.	.	.	.	.	.	.	.	.	.	.	.	.	.	.	.	.	.	.	.	.	.	.	.	.	.	.	.	.	.	.	.	.	.	.	.	.	.	.	.	.	.	.	.	.	.	.	.	.	.	0.25	.	30	8	52676530	.	TTC	T	.	weak_evidence	CONTQ=93;DP=89;ECNT=1;GERMQ=93;MBQ=20,20;MFRL=130,103;MMQ=60,60;MPOS=47;NALOD=1.52;NLOD=9.63;POPAF=5.60;ROQ=93;SEQQ=1;STRANDQ=44;TLOD=3.56	GT:AD:AF:DP:F1R2:F2R1:SB	0/0:59,0:0.029:59:32,0:27,0:31,28,0,0	0/1:28,2:0.111:30:23,0:4,2:13,15,1,1	RICKI-002T_S4_L001_sorted_rg_sorted_markdup_recal_RICKI-002N_S3_L001_sorted_rg_sorted_markdup_recal_filtered	INDEL	INDEL	TRUE
9	128222392	128222392	-	G	intronic	DNM1	.	.	.	.	.	.	.	.	.	.	.	.	.	.	.	.	.	.	.	.	.	.	.	.	.	.	.	.	.	.	.	.	.	.	.	.	.	.	.	.	.	.	.	.	.	.	.	.	.	.	.	.	.	.	.	.	.	.	.	.	.	.	.	.	.	.	.	.	.	.	.	.	.	.	.	.	.	.	.	.	.	.	.	.	.	.	.	.	.	.	.	.	.	.	.	.	.	.	.	.	.	.	.	.	.	.	.	.	.	.	.	.	.	.	.	.	.	.	0.25	.	17	9	128222392	.	T	TG,C	.	germline;multiallelic;normal_artifact;weak_evidence	CONTQ=93;DP=49;ECNT=1;GERMQ=1;MBQ=20,20,20;MFRL=110,81,112;MMQ=60,60,60;MPOS=12,19;NALOD=-6.818e+00,0.964;NLOD=-4.185e+00,4.51;POPAF=5.60,5.60;ROQ=93;SEQQ=1;STRANDQ=82;TLOD=7.28,3.30	GT:AD:AF:DP:F1R2:F2R1:SB	0/0:28,2,0:0.104,0.052:30:8,0,0:20,2,0:14,14,1,1	0/1/2:13,2,2:0.167,0.167:17:9,2,2:4,0,0:6,7,2,2	RICKI-002T_S4_L001_sorted_rg_sorted_markdup_recal_RICKI-002N_S3_L001_sorted_rg_sorted_markdup_recal_filtered	INDEL	INDEL	FALSE
9	128222392	128222392	T	C	intronic	DNM1	.	.	.	.	.	.	.	.	.	.	.	.	.	.	.	.	.	.	.	.	.	.	.	.	.	.	.	.	.	.	.	.	.	.	.	.	.	.	.	.	.	.	.	.	.	.	.	.	.	.	.	.	.	.	.	.	.	.	.	.	.	.	.	.	.	.	.	.	.	.	.	.	.	.	.	.	.	.	.	.	.	.	.	.	.	.	.	.	.	.	.	.	.	.	.	.	.	.	.	.	.	.	.	.	.	.	.	.	.	.	.	.	.	.	.	.	.	.	0.25	.	17	9	128222392	.	T	TG,C	.	germline;multiallelic;normal_artifact;weak_evidence	CONTQ=93;DP=49;ECNT=1;GERMQ=1;MBQ=20,20,20;MFRL=110,81,112;MMQ=60,60,60;MPOS=12,19;NALOD=-6.818e+00,0.964;NLOD=-4.185e+00,4.51;POPAF=5.60,5.60;ROQ=93;SEQQ=1;STRANDQ=82;TLOD=7.28,3.30	GT:AD:AF:DP:F1R2:F2R1:SB	0/0:28,2,0:0.104,0.052:30:8,0,0:20,2,0:14,14,1,1	0/1/2:13,2,2:0.167,0.167:17:9,2,2:4,0,0:6,7,2,2	RICKI-002T_S4_L001_sorted_rg_sorted_markdup_recal_RICKI-002N_S3_L001_sorted_rg_sorted_markdup_recal_filtered	T>C	SNV	FALSE
